'Alex','Kinross-Smith','akinrosssmith@gmail.com','421199325','8 Pearl St
sdhjksa
AWor','7.00','4','2','1','BluRay',
'Alex','Kinross-Smith','akinrosssmith@gmail.com','421199325','8 Pearl St
sdhjksa
AWor','7.00','4','2','1','DVD',
'Alex','Kinross-Smith','akinrosssmith@gmail.com','421199325','8 Pearl St
sdhjksa
AWor','7.00','4','2','1','BluRay',
'Alex','Kinross-Smith','akinrosssmith@gmail.com','421199325','8 Pearl St
sdhjksa
AWor','7.00','4','2','1','DVD',
'Alex','Kinross-Smith','akinrosssmith@gmail.com','421199325','8 Pearl St
sdhjksa
AWor','7.00','4','2','1','DVD',
'Alex','Kinross-Smith','akinrosssmith@gmail.com','421199325','8 Pearl St
sdhjksa
AWor','7.00','4','2','1','DVD',
'Alex','Kinross-Smith','akinrosssmith@gmail.com','421199325','8 Pearl St
sdhjksa
AWor','7.00','4','2','1','BluRay',
'Alex','Kinross-Smith','akinrosssmith@gmail.com','421199325','8 Pearl St
sdhjksa
AWor','7.00','4','2','1','BluRay',
'Alex','Kinross-Smith','akinrosssmith@gmail.com','421199325','8 Pearl St
sdhjksa
AWor','7.00','4','2','1','DVD',
'Alex','Kinross-Smith','akinrosssmith@gmail.com','421199325','8 Pearl St<br />
sdhjksa<br />
AWor','7.00','4','2','1','DVD',
'Alex','Kinross-Smith','akinrosssmith@gmail.com','421199325','8 Pearl St<br />
sdhjksa<br />
AWor','7.00','4','2','1','DVD',
'Alex','Kinross-Smith','akinrosssmith@gmail.com','421199325','8 Pearl St<br />
sdhjksa<br />
AWor','7.00','4','2','1','BluRay',
'Alex','Kinross-Smith','akinrosssmith@gmail.com','421199325','8 Pearl St<br />
sdhjksa<br />
AWor','7.00','4','2','1','DVD',
'Alex','Kinross-Smith','akinrosssmith@gmail.com','421199325','8 Pearl St<br />
sdhjksa<br />
AWor','7.00','4','2','1','BluRay',
'Alex','Kinross-Smith','akinrosssmith@gmail.com','421199325','8 Pearl St<br />
sdhjksa<br />
AWor','7.00','4','2','1','BluRay',
'Alex','Kinross-Smith','akinrosssmith@gmail.com','421199325','8 Pearl St<br />
sdhjksa<br />
AWor','7.00','4','2','1','DVD',
'Alex','Kinross-Smith','akinrosssmith@gmail.com','421199325','8 Pearl St<br />
sdhjksa<br />
AWor','7.00','4','2','1','BluRay',
'Alex','Kinross-Smith','akinrosssmith@gmail.com','421199325','8 Pearl St<br />
sdhjksa<br />
AWor','7.00','4','2','1','DVD',
'Alex','Kinross-Smith','akinrosssmith@gmail.com','421199325','8 Pearl St<br />
sdhjksa<br />
AWor','7.00','4','2','1','BluRay',
'Alex','Kinross-Smith','akinrosssmith@gmail.com','421199325','8 Pearl St<br />
sdhjksa<br />
AWor','7.00','4','2','1','DVD',
'Alex','Kinross-Smith','akinrosssmith@gmail.com','421199325','8 Pearl St<br />
sdhjksa<br />
AWor','7.00','4','2','1','BluRay',
'Alex','Kinross-Smith','akinrosssmith@gmail.com','421199325','8 Pearl St<br />
sdhjksa<br />
AWor','7.00','4','2','1','BluRay',
'Alex','Kinross-Smith','akinrosssmith@gmail.com','421199325','8 Pearl St<br />
sdhjksa<br />
AWor','7.00','4','2','1','BluRay',
